,time,sunspot.month
1,1749,58
2,1749.083333,62.6
3,1749.166667,70
4,1749.25,55.7
5,1749.333333,85
6,1749.416667,83.5
7,1749.5,94.8
8,1749.583333,66.3
9,1749.666667,75.9
10,1749.75,75.5
11,1749.833333,158.6
12,1749.916667,85.2
13,1750,73.3
14,1750.083333,75.9
15,1750.166667,89.2
16,1750.25,88.3
17,1750.333333,90
18,1750.416667,100
19,1750.5,85.4
20,1750.583333,103
21,1750.666667,91.2
22,1750.75,65.7
23,1750.833333,63.3
24,1750.916667,75.4
25,1751,70
26,1751.083333,43.5
27,1751.166667,45.3
28,1751.25,56.4
29,1751.333333,60.7
30,1751.416667,50.7
31,1751.5,66.3
32,1751.583333,59.8
33,1751.666667,23.5
34,1751.75,23.2
35,1751.833333,28.5
36,1751.916667,44
37,1752,35
38,1752.083333,50
39,1752.166667,71
40,1752.25,59.3
41,1752.333333,59.7
42,1752.416667,39.6
43,1752.5,78.4
44,1752.583333,29.3
45,1752.666667,27.1
46,1752.75,46.6
47,1752.833333,37.6
48,1752.916667,40
49,1753,44
50,1753.083333,32
51,1753.166667,45.7
52,1753.25,38
53,1753.333333,36
54,1753.416667,31.7
55,1753.5,22
56,1753.583333,39
57,1753.666667,28
58,1753.75,25
59,1753.833333,20
60,1753.916667,6.7
61,1754,0
62,1754.083333,3
63,1754.166667,1.7
64,1754.25,13.7
65,1754.333333,20.7
66,1754.416667,26.7
67,1754.5,18.8
68,1754.583333,12.3
69,1754.666667,8.2
70,1754.75,24.1
71,1754.833333,13.2
72,1754.916667,4.2
73,1755,10.2
74,1755.083333,11.2
75,1755.166667,6.8
76,1755.25,6.5
77,1755.333333,0
78,1755.416667,0
79,1755.5,8.6
80,1755.583333,3.2
81,1755.666667,17.8
82,1755.75,23.7
83,1755.833333,6.8
84,1755.916667,20
85,1756,12.5
86,1756.083333,7.1
87,1756.166667,5.4
88,1756.25,9.4
89,1756.333333,12.5
90,1756.416667,12.9
91,1756.5,3.6
92,1756.583333,6.4
93,1756.666667,11.8
94,1756.75,14.3
95,1756.833333,17
96,1756.916667,9.4
97,1757,14.1
98,1757.083333,21.2
99,1757.166667,26.2
100,1757.25,30
101,1757.333333,38.1
102,1757.416667,12.8
103,1757.5,25
104,1757.583333,51.3
105,1757.666667,39.7
106,1757.75,32.5
107,1757.833333,64.7
108,1757.916667,33.5
109,1758,37.6
110,1758.083333,52
111,1758.166667,49
112,1758.25,72.3
113,1758.333333,46.4
114,1758.416667,45
115,1758.5,44
116,1758.583333,38.7
117,1758.666667,62.5
118,1758.75,37.7
119,1758.833333,43
120,1758.916667,43
121,1759,48.3
122,1759.083333,44
123,1759.166667,46.8
124,1759.25,47
125,1759.333333,49
126,1759.416667,50
127,1759.5,51
128,1759.583333,71.3
129,1759.666667,77.2
130,1759.75,59.7
131,1759.833333,46.3
132,1759.916667,57
133,1760,67.3
134,1760.083333,59.5
135,1760.166667,74.7
136,1760.25,58.3
137,1760.333333,72
138,1760.416667,48.3
139,1760.5,66
140,1760.583333,75.6
141,1760.666667,61.3
142,1760.75,50.6
143,1760.833333,59.7
144,1760.916667,61
145,1761,70
146,1761.083333,91
147,1761.166667,80.7
148,1761.25,71.7
149,1761.333333,107.2
150,1761.416667,99.3
151,1761.5,94.1
152,1761.583333,91.1
153,1761.666667,100.7
154,1761.75,88.7
155,1761.833333,89.7
156,1761.916667,46
157,1762,43.8
158,1762.083333,72.8
159,1762.166667,45.7
160,1762.25,60.2
161,1762.333333,39.9
162,1762.416667,77.1
163,1762.5,33.8
164,1762.583333,67.7
165,1762.666667,68.5
166,1762.75,69.3
167,1762.833333,77.8
168,1762.916667,77.2
169,1763,56.5
170,1763.083333,31.9
171,1763.166667,34.2
172,1763.25,32.9
173,1763.333333,32.7
174,1763.416667,35.8
175,1763.5,54.2
176,1763.583333,26.5
177,1763.666667,68.1
178,1763.75,46.3
179,1763.833333,60.9
180,1763.916667,61.4
181,1764,59.7
182,1764.083333,59.7
183,1764.166667,40.2
184,1764.25,34.4
185,1764.333333,44.3
186,1764.416667,30
187,1764.5,30
188,1764.583333,30
189,1764.666667,28.2
190,1764.75,28
191,1764.833333,26
192,1764.916667,25.7
193,1765,24
194,1765.083333,26
195,1765.166667,25
196,1765.25,22
197,1765.333333,20.2
198,1765.416667,20
199,1765.5,27
200,1765.583333,29.7
201,1765.666667,16
202,1765.75,14
203,1765.833333,14
204,1765.916667,13
205,1766,12
206,1766.083333,11
207,1766.166667,36.6
208,1766.25,6
209,1766.333333,26.8
210,1766.416667,3
211,1766.5,3.3
212,1766.583333,4
213,1766.666667,4.3
214,1766.75,5
215,1766.833333,5.7
216,1766.916667,19.2
217,1767,27.4
218,1767.083333,30
219,1767.166667,43
220,1767.25,32.9
221,1767.333333,29.8
222,1767.416667,33.3
223,1767.5,21.9
224,1767.583333,40.8
225,1767.666667,42.7
226,1767.75,44.1
227,1767.833333,54.7
228,1767.916667,53.3
229,1768,53.5
230,1768.083333,66.1
231,1768.166667,46.3
232,1768.25,42.7
233,1768.333333,77.7
234,1768.416667,77.4
235,1768.5,52.6
236,1768.583333,66.8
237,1768.666667,74.8
238,1768.75,77.8
239,1768.833333,90.6
240,1768.916667,111.8
241,1769,73.9
242,1769.083333,64.2
243,1769.166667,64.3
244,1769.25,96.7
245,1769.333333,73.6
246,1769.416667,94.4
247,1769.5,118.6
248,1769.583333,120.3
249,1769.666667,148.8
250,1769.75,158.2
251,1769.833333,148.1
252,1769.916667,112
253,1770,104
254,1770.083333,142.5
255,1770.166667,80.1
256,1770.25,51
257,1770.333333,70.1
258,1770.416667,83.3
259,1770.5,109.8
260,1770.583333,126.3
261,1770.666667,104.4
262,1770.75,103.6
263,1770.833333,132.2
264,1770.916667,102.3
265,1771,36
266,1771.083333,46.2
267,1771.166667,46.7
268,1771.25,64.9
269,1771.333333,152.7
270,1771.416667,119.5
271,1771.5,67.7
272,1771.583333,58.5
273,1771.666667,101.4
274,1771.75,90
275,1771.833333,99.7
276,1771.916667,95.7
277,1772,100.9
278,1772.083333,90.8
279,1772.166667,31.1
280,1772.25,92.2
281,1772.333333,38
282,1772.416667,57
283,1772.5,77.3
284,1772.583333,56.2
285,1772.666667,50.5
286,1772.75,78.6
287,1772.833333,61.3
288,1772.916667,64
289,1773,54.6
290,1773.083333,29
291,1773.166667,51.2
292,1773.25,32.9
293,1773.333333,41.1
294,1773.416667,28.4
295,1773.5,27.7
296,1773.583333,12.7
297,1773.666667,29.3
298,1773.75,26.3
299,1773.833333,40.9
300,1773.916667,43.2
301,1774,46.8
302,1774.083333,65.4
303,1774.166667,55.7
304,1774.25,43.8
305,1774.333333,51.3
306,1774.416667,28.5
307,1774.5,17.5
308,1774.583333,6.6
309,1774.666667,7.9
310,1774.75,14
311,1774.833333,17.7
312,1774.916667,12.2
313,1775,4.4
314,1775.083333,0
315,1775.166667,11.6
316,1775.25,11.2
317,1775.333333,3.9
318,1775.416667,12.3
319,1775.5,1
320,1775.583333,7.9
321,1775.666667,3.2
322,1775.75,5.6
323,1775.833333,15.1
324,1775.916667,7.9
325,1776,21.7
326,1776.083333,11.6
327,1776.166667,6.3
328,1776.25,21.8
329,1776.333333,11.2
330,1776.416667,19
331,1776.5,1
332,1776.583333,24.2
333,1776.666667,16
334,1776.75,30
335,1776.833333,35
336,1776.916667,40
337,1777,45
338,1777.083333,36.5
339,1777.166667,39
340,1777.25,95.5
341,1777.333333,80.3
342,1777.416667,80.7
343,1777.5,95
344,1777.583333,112
345,1777.666667,116.2
346,1777.75,106.5
347,1777.833333,146
348,1777.916667,157.3
349,1778,177.3
350,1778.083333,109.3
351,1778.166667,134
352,1778.25,145
353,1778.333333,238.9
354,1778.416667,171.6
355,1778.5,153
356,1778.583333,140
357,1778.666667,171.7
358,1778.75,156.3
359,1778.833333,150.3
360,1778.916667,105
361,1779,114.7
362,1779.083333,165.7
363,1779.166667,118
364,1779.25,145
365,1779.333333,140
366,1779.416667,113.7
367,1779.5,143
368,1779.583333,112
369,1779.666667,111
370,1779.75,124
371,1779.833333,114
372,1779.916667,110
373,1780,70
374,1780.083333,98
375,1780.166667,98
376,1780.25,95
377,1780.333333,107.2
378,1780.416667,88
379,1780.5,86
380,1780.583333,86
381,1780.666667,93.7
382,1780.75,77
383,1780.833333,60
384,1780.916667,58.7
385,1781,98.7
386,1781.083333,74.7
387,1781.166667,53
388,1781.25,68.3
389,1781.333333,104.7
390,1781.416667,97.7
391,1781.5,73.5
392,1781.583333,66
393,1781.666667,51
394,1781.75,27.3
395,1781.833333,67
396,1781.916667,35.2
397,1782,54
398,1782.083333,37.5
399,1782.166667,37
400,1782.25,41
401,1782.333333,54.3
402,1782.416667,38
403,1782.5,37
404,1782.583333,44
405,1782.666667,34
406,1782.75,23.2
407,1782.833333,31.5
408,1782.916667,30
409,1783,28
410,1783.083333,38.7
411,1783.166667,26.7
412,1783.25,28.3
413,1783.333333,23
414,1783.416667,25.2
415,1783.5,32.2
416,1783.583333,20
417,1783.666667,18
418,1783.75,8
419,1783.833333,15
420,1783.916667,10.5
421,1784,13
422,1784.083333,8
423,1784.166667,11
424,1784.25,10
425,1784.333333,6
426,1784.416667,9
427,1784.5,6
428,1784.583333,10
429,1784.666667,10
430,1784.75,8
431,1784.833333,17
432,1784.916667,14
433,1785,6.5
434,1785.083333,8
435,1785.166667,9
436,1785.25,15.7
437,1785.333333,20.7
438,1785.416667,26.3
439,1785.5,36.3
440,1785.583333,20
441,1785.666667,32
442,1785.75,47.2
443,1785.833333,40.2
444,1785.916667,27.3
445,1786,37.2
446,1786.083333,47.6
447,1786.166667,47.7
448,1786.25,85.4
449,1786.333333,92.3
450,1786.416667,59
451,1786.5,83
452,1786.583333,89.7
453,1786.666667,111.5
454,1786.75,112.3
455,1786.833333,116
456,1786.916667,112.7
457,1787,134.7
458,1787.083333,106
459,1787.166667,87.4
460,1787.25,127.2
461,1787.333333,134.8
462,1787.416667,99.2
463,1787.5,128
464,1787.583333,137.2
465,1787.666667,157.3
466,1787.75,157
467,1787.833333,141.5
468,1787.916667,174
469,1788,138
470,1788.083333,129.2
471,1788.166667,143.3
472,1788.25,108.5
473,1788.333333,113
474,1788.416667,154.2
475,1788.5,141.5
476,1788.583333,136
477,1788.666667,141
478,1788.75,142
479,1788.833333,94.7
480,1788.916667,129.5
481,1789,114
482,1789.083333,125.3
483,1789.166667,120
484,1789.25,123.3
485,1789.333333,123.5
486,1789.416667,120
487,1789.5,117
488,1789.583333,103
489,1789.666667,112
490,1789.75,89.7
491,1789.833333,134
492,1789.916667,135.5
493,1790,103
494,1790.083333,127.5
495,1790.166667,96.3
496,1790.25,94
497,1790.333333,93
498,1790.416667,91
499,1790.5,69.3
500,1790.583333,87
501,1790.666667,77.3
502,1790.75,84.3
503,1790.833333,82
504,1790.916667,74
505,1791,72.7
506,1791.083333,62
507,1791.166667,74
508,1791.25,77.2
509,1791.333333,73.7
510,1791.416667,64.2
511,1791.5,71
512,1791.583333,43
513,1791.666667,66.5
514,1791.75,61.7
515,1791.833333,67
516,1791.916667,66
517,1792,58
518,1792.083333,64
519,1792.166667,63
520,1792.25,75.7
521,1792.333333,62
522,1792.416667,61
523,1792.5,45.8
524,1792.583333,60
525,1792.666667,59
526,1792.75,59
527,1792.833333,57
528,1792.916667,56
529,1793,56
530,1793.083333,55
531,1793.166667,55.5
532,1793.25,53
533,1793.333333,52.3
534,1793.416667,51
535,1793.5,50
536,1793.583333,29.3
537,1793.666667,24
538,1793.75,47
539,1793.833333,44
540,1793.916667,45.7
541,1794,45
542,1794.083333,44
543,1794.166667,38
544,1794.25,28.4
545,1794.333333,55.7
546,1794.416667,41.5
547,1794.5,41
548,1794.583333,40
549,1794.666667,11.1
550,1794.75,28.5
551,1794.833333,67.4
552,1794.916667,51.4
553,1795,21.4
554,1795.083333,39.9
555,1795.166667,12.6
556,1795.25,18.6
557,1795.333333,31
558,1795.416667,17.1
559,1795.5,12.9
560,1795.583333,25.7
561,1795.666667,13.5
562,1795.75,19.5
563,1795.833333,25
564,1795.916667,18
565,1796,22
566,1796.083333,23.8
567,1796.166667,15.7
568,1796.25,31.7
569,1796.333333,21
570,1796.416667,6.7
571,1796.5,26.9
572,1796.583333,1.5
573,1796.666667,18.4
574,1796.75,11
575,1796.833333,8.4
576,1796.916667,5.1
577,1797,14.4
578,1797.083333,4.2
579,1797.166667,4
580,1797.25,4
581,1797.333333,7.3
582,1797.416667,11.1
583,1797.5,4.3
584,1797.583333,6
585,1797.666667,5.7
586,1797.75,6.9
587,1797.833333,5.8
588,1797.916667,3
589,1798,2
590,1798.083333,4
591,1798.166667,12.4
592,1798.25,1.1
593,1798.333333,0
594,1798.416667,0
595,1798.5,0
596,1798.583333,3
597,1798.666667,2.4
598,1798.75,1.5
599,1798.833333,12.5
600,1798.916667,9.9
601,1799,1.6
602,1799.083333,12.6
603,1799.166667,21.7
604,1799.25,8.4
605,1799.333333,8.2
606,1799.416667,10.6
607,1799.5,2.1
608,1799.583333,0
609,1799.666667,0
610,1799.75,4.6
611,1799.833333,2.7
612,1799.916667,8.6
613,1800,6.9
614,1800.083333,9.3
615,1800.166667,13.9
616,1800.25,0
617,1800.333333,5
618,1800.416667,23.7
619,1800.5,21
620,1800.583333,19.5
621,1800.666667,11.5
622,1800.75,12.3
623,1800.833333,10.5
624,1800.916667,40.1
625,1801,27
626,1801.083333,29
627,1801.166667,30
628,1801.25,31
629,1801.333333,32
630,1801.416667,31.2
631,1801.5,35
632,1801.583333,38.7
633,1801.666667,33.5
634,1801.75,32.6
635,1801.833333,39.8
636,1801.916667,48.2
637,1802,47.8
638,1802.083333,47
639,1802.166667,40.8
640,1802.25,42
641,1802.333333,44
642,1802.416667,46
643,1802.5,48
644,1802.583333,50
645,1802.666667,51.8
646,1802.75,38.5
647,1802.833333,34.5
648,1802.916667,50
649,1803,50
650,1803.083333,50.8
651,1803.166667,29.5
652,1803.25,25
653,1803.333333,44.3
654,1803.416667,36
655,1803.5,48.3
656,1803.583333,34.1
657,1803.666667,45.3
658,1803.75,54.3
659,1803.833333,51
660,1803.916667,48
661,1804,45.3
662,1804.083333,48.3
663,1804.166667,48
664,1804.25,50.6
665,1804.333333,33.4
666,1804.416667,34.8
667,1804.5,29.8
668,1804.583333,43.1
669,1804.666667,53
670,1804.75,62.3
671,1804.833333,61
672,1804.916667,60
673,1805,61
674,1805.083333,44.1
675,1805.166667,51.4
676,1805.25,37.5
677,1805.333333,39
678,1805.416667,40.5
679,1805.5,37.6
680,1805.583333,42.7
681,1805.666667,44.4
682,1805.75,29.4
683,1805.833333,41
684,1805.916667,38.3
685,1806,39
686,1806.083333,29.6
687,1806.166667,32.7
688,1806.25,27.7
689,1806.333333,26.4
690,1806.416667,25.6
691,1806.5,30
692,1806.583333,26.3
693,1806.666667,24
694,1806.75,27
695,1806.833333,25
696,1806.916667,24
697,1807,12
698,1807.083333,12.2
699,1807.166667,9.6
700,1807.25,23.8
701,1807.333333,10
702,1807.416667,12
703,1807.5,12.7
704,1807.583333,12
705,1807.666667,5.7
706,1807.75,8
707,1807.833333,2.6
708,1807.916667,0
709,1808,0
710,1808.083333,4.5
711,1808.166667,0
712,1808.25,12.3
713,1808.333333,13.5
714,1808.416667,13.5
715,1808.5,6.7
716,1808.583333,8
717,1808.666667,11.7
718,1808.75,4.7
719,1808.833333,10.5
720,1808.916667,12.3
721,1809,7.2
722,1809.083333,9.2
723,1809.166667,0.9
724,1809.25,2.5
725,1809.333333,2
726,1809.416667,7.7
727,1809.5,0.3
728,1809.583333,0.2
729,1809.666667,0.4
730,1809.75,0
731,1809.833333,0
732,1809.916667,0
733,1810,0
734,1810.083333,0
735,1810.166667,0
736,1810.25,0
737,1810.333333,0
738,1810.416667,0
739,1810.5,0
740,1810.583333,0
741,1810.666667,0
742,1810.75,0
743,1810.833333,0
744,1810.916667,0
745,1811,0
746,1811.083333,0
747,1811.166667,0
748,1811.25,0
749,1811.333333,0
750,1811.416667,0
751,1811.5,6.6
752,1811.583333,0
753,1811.666667,2.4
754,1811.75,6.1
755,1811.833333,0.8
756,1811.916667,1.1
757,1812,11.3
758,1812.083333,1.9
759,1812.166667,0.7
760,1812.25,0
761,1812.333333,1
762,1812.416667,1.3
763,1812.5,0.5
764,1812.583333,15.6
765,1812.666667,5.2
766,1812.75,3.9
767,1812.833333,7.9
768,1812.916667,10.1
769,1813,0
770,1813.083333,10.3
771,1813.166667,1.9
772,1813.25,16.6
773,1813.333333,5.5
774,1813.416667,11.2
775,1813.5,18.3
776,1813.583333,8.4
777,1813.666667,15.3
778,1813.75,27.8
779,1813.833333,16.7
780,1813.916667,14.3
781,1814,22.2
782,1814.083333,12
783,1814.166667,5.7
784,1814.25,23.8
785,1814.333333,5.8
786,1814.416667,14.9
787,1814.5,18.5
788,1814.583333,2.3
789,1814.666667,8.1
790,1814.75,19.3
791,1814.833333,14.5
792,1814.916667,20.1
793,1815,19.2
794,1815.083333,32.2
795,1815.166667,26.2
796,1815.25,31.6
797,1815.333333,9.8
798,1815.416667,55.9
799,1815.5,35.5
800,1815.583333,47.2
801,1815.666667,31.5
802,1815.75,33.5
803,1815.833333,37.2
804,1815.916667,65
805,1816,26.3
806,1816.083333,68.8
807,1816.166667,73.7
808,1816.25,58.8
809,1816.333333,44.3
810,1816.416667,43.6
811,1816.5,38.8
812,1816.583333,23.2
813,1816.666667,47.8
814,1816.75,56.4
815,1816.833333,38.1
816,1816.916667,29.9
817,1817,36.4
818,1817.083333,57.9
819,1817.166667,96.2
820,1817.25,26.4
821,1817.333333,21.2
822,1817.416667,40
823,1817.5,50
824,1817.583333,45
825,1817.666667,36.7
826,1817.75,25.6
827,1817.833333,28.9
828,1817.916667,28.4
829,1818,34.9
830,1818.083333,22.4
831,1818.166667,25.4
832,1818.25,34.5
833,1818.333333,53.1
834,1818.416667,36.4
835,1818.5,28
836,1818.583333,31.5
837,1818.666667,26.1
838,1818.75,31.6
839,1818.833333,10.9
840,1818.916667,25.8
841,1819,32.8
842,1819.083333,20.7
843,1819.166667,3.7
844,1819.25,20.2
845,1819.333333,19.6
846,1819.416667,35
847,1819.5,31.4
848,1819.583333,26.1
849,1819.666667,14.9
850,1819.75,27.5
851,1819.833333,25.1
852,1819.916667,30.6
853,1820,19.2
854,1820.083333,26.6
855,1820.166667,4.5
856,1820.25,19.4
857,1820.333333,29.3
858,1820.416667,10.8
859,1820.5,20.6
860,1820.583333,25.9
861,1820.666667,5.2
862,1820.75,8.9
863,1820.833333,7.9
864,1820.916667,9.1
865,1821,21.5
866,1821.083333,4.2
867,1821.166667,5.7
868,1821.25,9.2
869,1821.333333,1.7
870,1821.416667,1.8
871,1821.5,2.5
872,1821.583333,4.8
873,1821.666667,4.4
874,1821.75,18.8
875,1821.833333,4.4
876,1821.916667,0.2
877,1822,0
878,1822.083333,0.9
879,1822.166667,16.1
880,1822.25,13.5
881,1822.333333,1.5
882,1822.416667,5.6
883,1822.5,7.9
884,1822.583333,2.1
885,1822.666667,0
886,1822.75,0.4
887,1822.833333,0
888,1822.916667,0
889,1823,0
890,1823.083333,0
891,1823.166667,0.6
892,1823.25,0
893,1823.333333,0
894,1823.416667,0
895,1823.5,0.5
896,1823.583333,0
897,1823.666667,0
898,1823.75,0
899,1823.833333,0
900,1823.916667,20.4
901,1824,21.7
902,1824.083333,10.8
903,1824.166667,0
904,1824.25,19.4
905,1824.333333,2.8
906,1824.416667,0
907,1824.5,0
908,1824.583333,1.4
909,1824.666667,20.5
910,1824.75,25.2
911,1824.833333,0
912,1824.916667,0.8
913,1825,5
914,1825.083333,15.5
915,1825.166667,22.4
916,1825.25,3.8
917,1825.333333,15.5
918,1825.416667,15.4
919,1825.5,30.9
920,1825.583333,25.7
921,1825.666667,15.7
922,1825.75,15.6
923,1825.833333,11.7
924,1825.916667,22
925,1826,17.7
926,1826.083333,18.2
927,1826.166667,36.7
928,1826.25,24
929,1826.333333,32.4
930,1826.416667,37.1
931,1826.5,52.5
932,1826.583333,39.6
933,1826.666667,18.9
934,1826.75,50.6
935,1826.833333,39.5
936,1826.916667,68.1
937,1827,34.6
938,1827.083333,47.4
939,1827.166667,57.8
940,1827.25,46
941,1827.333333,56.3
942,1827.416667,56.7
943,1827.5,42.3
944,1827.583333,53.7
945,1827.666667,49.6
946,1827.75,56.1
947,1827.833333,48.2
948,1827.916667,46.1
949,1828,52.8
950,1828.083333,64.4
951,1828.166667,65
952,1828.25,61.1
953,1828.333333,89.1
954,1828.416667,98
955,1828.5,54.2
956,1828.583333,76.4
957,1828.666667,50.4
958,1828.75,54.7
959,1828.833333,57
960,1828.916667,46.9
961,1829,43
962,1829.083333,49.4
963,1829.166667,72.3
964,1829.25,95
965,1829.333333,67.4
966,1829.416667,73.9
967,1829.5,90.8
968,1829.583333,77.6
969,1829.666667,52.8
970,1829.75,57.2
971,1829.833333,67.6
972,1829.916667,56.5
973,1830,52.2
974,1830.083333,72.1
975,1830.166667,84.6
976,1830.25,106.3
977,1830.333333,66.3
978,1830.416667,65.1
979,1830.5,43.9
980,1830.583333,50.7
981,1830.666667,62.1
982,1830.75,84.4
983,1830.833333,81.2
984,1830.916667,82.1
985,1831,47.5
986,1831.083333,50.1
987,1831.166667,93.4
988,1831.25,54.5
989,1831.333333,38.1
990,1831.416667,33.4
991,1831.5,45.2
992,1831.583333,55
993,1831.666667,37.9
994,1831.75,46.3
995,1831.833333,43.5
996,1831.916667,28.9
997,1832,30.9
998,1832.083333,55.6
999,1832.166667,55.1
1000,1832.25,26.9
1001,1832.333333,41.3
1002,1832.416667,26.7
1003,1832.5,14
1004,1832.583333,8.9
1005,1832.666667,8.2
1006,1832.75,21.1
1007,1832.833333,14.3
1008,1832.916667,27.5
1009,1833,11.3
1010,1833.083333,14.9
1011,1833.166667,11.8
1012,1833.25,2.8
1013,1833.333333,12.9
1014,1833.416667,1
1015,1833.5,7
1016,1833.583333,5.7
1017,1833.666667,11.6
1018,1833.75,7.5
1019,1833.833333,5.9
1020,1833.916667,9.9
1021,1834,4.9
1022,1834.083333,18.1
1023,1834.166667,3.9
1024,1834.25,1.4
1025,1834.333333,8.8
1026,1834.416667,7.8
1027,1834.5,8.7
1028,1834.583333,4
1029,1834.666667,11.5
1030,1834.75,24.8
1031,1834.833333,30.5
1032,1834.916667,34.5
1033,1835,7.5
1034,1835.083333,24.5
1035,1835.166667,19.7
1036,1835.25,61.5
1037,1835.333333,43.6
1038,1835.416667,33.2
1039,1835.5,59.8
1040,1835.583333,59
1041,1835.666667,100.8
1042,1835.75,95.2
1043,1835.833333,100
1044,1835.916667,77.5
1045,1836,88.6
1046,1836.083333,107.6
1047,1836.166667,98.2
1048,1836.25,142.9
1049,1836.333333,111.4
1050,1836.416667,124.7
1051,1836.5,116.7
1052,1836.583333,107.8
1053,1836.666667,95.1
1054,1836.75,137.4
1055,1836.833333,120.9
1056,1836.916667,206.2
1057,1837,188
1058,1837.083333,175.6
1059,1837.166667,134.6
1060,1837.25,138.2
1061,1837.333333,111.7
1062,1837.416667,158
1063,1837.5,162.8
1064,1837.583333,134
1065,1837.666667,96.3
1066,1837.75,123.7
1067,1837.833333,107
1068,1837.916667,129.8
1069,1838,144.9
1070,1838.083333,84.8
1071,1838.166667,140.8
1072,1838.25,126.6
1073,1838.333333,137.6
1074,1838.416667,94.5
1075,1838.5,108.2
1076,1838.583333,78.8
1077,1838.666667,73.6
1078,1838.75,90.8
1079,1838.833333,77.4
1080,1838.916667,79.8
1081,1839,105.6
1082,1839.083333,102.5
1083,1839.166667,77.7
1084,1839.25,61.8
1085,1839.333333,53.8
1086,1839.416667,54.6
1087,1839.5,84.8
1088,1839.583333,131.2
1089,1839.666667,132.7
1090,1839.75,90.9
1091,1839.833333,68.8
1092,1839.916667,63.7
1093,1840,81.2
1094,1840.083333,87.7
1095,1840.166667,67.8
1096,1840.25,65.9
1097,1840.333333,69.2
1098,1840.416667,48.5
1099,1840.5,60.7
1100,1840.583333,57.8
1101,1840.666667,74
1102,1840.75,55
1103,1840.833333,54.3
1104,1840.916667,53.7
1105,1841,24.1
1106,1841.083333,29.9
1107,1841.166667,29.7
1108,1841.25,40.2
1109,1841.333333,67.5
1110,1841.416667,55.7
1111,1841.5,30.8
1112,1841.583333,39.3
1113,1841.666667,36.5
1114,1841.75,28.5
1115,1841.833333,19.8
1116,1841.916667,38.8
1117,1842,20.4
1118,1842.083333,22.1
1119,1842.166667,21.7
1120,1842.25,26.9
1121,1842.333333,24.9
1122,1842.416667,20.5
1123,1842.5,12.6
1124,1842.583333,26.6
1125,1842.666667,18.4
1126,1842.75,38.1
1127,1842.833333,40.5
1128,1842.916667,17.6
1129,1843,13.3
1130,1843.083333,3.5
1131,1843.166667,8.3
1132,1843.25,9.5
1133,1843.333333,21.1
1134,1843.416667,10.5
1135,1843.5,9.5
1136,1843.583333,11.8
1137,1843.666667,4.2
1138,1843.75,5.3
1139,1843.833333,19.1
1140,1843.916667,12.7
1141,1844,9.4
1142,1844.083333,14.7
1143,1844.166667,13.6
1144,1844.25,20.8
1145,1844.333333,11.6
1146,1844.416667,3.7
1147,1844.5,21.2
1148,1844.583333,23.9
1149,1844.666667,7
1150,1844.75,21.5
1151,1844.833333,10.7
1152,1844.916667,21.6
1153,1845,25.7
1154,1845.083333,43.6
1155,1845.166667,43.3
1156,1845.25,57
1157,1845.333333,47.8
1158,1845.416667,31.1
1159,1845.5,30.6
1160,1845.583333,32.3
1161,1845.666667,29.6
1162,1845.75,40.7
1163,1845.833333,39.4
1164,1845.916667,59.7
1165,1846,38.7
1166,1846.083333,51
1167,1846.166667,63.9
1168,1846.25,69.3
1169,1846.333333,59.9
1170,1846.416667,65.1
1171,1846.5,46.5
1172,1846.583333,54.8
1173,1846.666667,107.1
1174,1846.75,55.9
1175,1846.833333,60.4
1176,1846.916667,65.5
1177,1847,62.6
1178,1847.083333,44.9
1179,1847.166667,85.7
1180,1847.25,44.7
1181,1847.333333,75.4
1182,1847.416667,85.3
1183,1847.5,52.2
1184,1847.583333,140.6
1185,1847.666667,160.9
1186,1847.75,180.4
1187,1847.833333,138.9
1188,1847.916667,109.6
1189,1848,159.1
1190,1848.083333,111.8
1191,1848.166667,108.6
1192,1848.25,107.1
1193,1848.333333,102.2
1194,1848.416667,129
1195,1848.5,139.2
1196,1848.583333,132.6
1197,1848.666667,100.3
1198,1848.75,132.4
1199,1848.833333,114.6
1200,1848.916667,159.5
1201,1849,157
1202,1849.083333,131.8
1203,1849.166667,96.2
1204,1849.25,102.5
1205,1849.333333,80.6
1206,1849.416667,81.1
1207,1849.5,78
1208,1849.583333,67.7
1209,1849.666667,93.7
1210,1849.75,71.5
1211,1849.833333,99
1212,1849.916667,97
1213,1850,78
1214,1850.083333,89.4
1215,1850.166667,82.6
1216,1850.25,44.1
1217,1850.333333,61.6
1218,1850.416667,70
1219,1850.5,39.1
1220,1850.583333,61.6
1221,1850.666667,86.2
1222,1850.75,71
1223,1850.833333,54.8
1224,1850.916667,61
1225,1851,75.5
1226,1851.083333,105.4
1227,1851.166667,64.6
1228,1851.25,56.5
1229,1851.333333,62.6
1230,1851.416667,63.2
1231,1851.5,36.1
1232,1851.583333,57.4
1233,1851.666667,67.9
1234,1851.75,62.5
1235,1851.833333,51
1236,1851.916667,71.4
1237,1852,68.4
1238,1852.083333,66.4
1239,1852.166667,61.2
1240,1852.25,65.4
1241,1852.333333,54.9
1242,1852.416667,46.9
1243,1852.5,42.1
1244,1852.583333,39.7
1245,1852.666667,37.5
1246,1852.75,67.3
1247,1852.833333,54.3
1248,1852.916667,45.4
1249,1853,41.1
1250,1853.083333,42.9
1251,1853.166667,37.7
1252,1853.25,47.6
1253,1853.333333,34.7
1254,1853.416667,40
1255,1853.5,45.9
1256,1853.583333,50.5
1257,1853.666667,33.5
1258,1853.75,42.4
1259,1853.833333,28.8
1260,1853.916667,23.4
1261,1854,15.4
1262,1854.083333,20
1263,1854.166667,20.7
1264,1854.25,26.5
1265,1854.333333,24
1266,1854.416667,21.1
1267,1854.5,18.7
1268,1854.583333,15.8
1269,1854.666667,22.4
1270,1854.75,12.6
1271,1854.833333,28.2
1272,1854.916667,21.6
1273,1855,12.3
1274,1855.083333,11.4
1275,1855.166667,17.4
1276,1855.25,4.4
1277,1855.333333,9.1
1278,1855.416667,5.3
1279,1855.5,0.4
1280,1855.583333,3.1
1281,1855.666667,0
1282,1855.75,9.6
1283,1855.833333,4.2
1284,1855.916667,3.1
1285,1856,0.5
1286,1856.083333,4.9
1287,1856.166667,0.4
1288,1856.25,6.5
1289,1856.333333,0
1290,1856.416667,5.2
1291,1856.5,4.6
1292,1856.583333,5.9
1293,1856.666667,4.4
1294,1856.75,4.5
1295,1856.833333,7.7
1296,1856.916667,7.2
1297,1857,13.7
1298,1857.083333,7.4
1299,1857.166667,5.2
1300,1857.25,11.1
1301,1857.333333,28.5
1302,1857.416667,16
1303,1857.5,22.2
1304,1857.583333,16.9
1305,1857.666667,42.4
1306,1857.75,40.6
1307,1857.833333,31.4
1308,1857.916667,37.2
1309,1858,39
1310,1858.083333,34.9
1311,1858.166667,57.5
1312,1858.25,38.3
1313,1858.333333,41.4
1314,1858.416667,44.5
1315,1858.5,56.7
1316,1858.583333,55.3
1317,1858.666667,80.1
1318,1858.75,91.2
1319,1858.833333,51.9
1320,1858.916667,66.9
1321,1859,83.7
1322,1859.083333,87.6
1323,1859.166667,90.3
1324,1859.25,85.7
1325,1859.333333,91
1326,1859.416667,87.1
1327,1859.5,95.2
1328,1859.583333,106.8
1329,1859.666667,105.8
1330,1859.75,114.6
1331,1859.833333,97.2
1332,1859.916667,81
1333,1860,82.4
1334,1860.083333,88.3
1335,1860.166667,98.9
1336,1860.25,71.4
1337,1860.333333,107.1
1338,1860.416667,108.6
1339,1860.5,116.7
1340,1860.583333,100.3
1341,1860.666667,92.2
1342,1860.75,90.1
1343,1860.833333,97.9
1344,1860.916667,95.6
1345,1861,62.3
1346,1861.083333,77.7
1347,1861.166667,101
1348,1861.25,98.5
1349,1861.333333,56.8
1350,1861.416667,88.1
1351,1861.5,78
1352,1861.583333,82.5
1353,1861.666667,79.9
1354,1861.75,67.2
1355,1861.833333,53.7
1356,1861.916667,80.5
1357,1862,63.1
1358,1862.083333,64.5
1359,1862.166667,43.6
1360,1862.25,53.7
1361,1862.333333,64.4
1362,1862.416667,84
1363,1862.5,73.4
1364,1862.583333,62.5
1365,1862.666667,66.6
1366,1862.75,41.9
1367,1862.833333,50.6
1368,1862.916667,40.9
1369,1863,48.3
1370,1863.083333,56.7
1371,1863.166667,66.4
1372,1863.25,40.6
1373,1863.333333,53.8
1374,1863.416667,40.8
1375,1863.5,32.7
1376,1863.583333,48.1
1377,1863.666667,22
1378,1863.75,39.9
1379,1863.833333,37.7
1380,1863.916667,41.2
1381,1864,57.7
1382,1864.083333,47.1
1383,1864.166667,66.3
1384,1864.25,35.8
1385,1864.333333,40.6
1386,1864.416667,57.8
1387,1864.5,54.7
1388,1864.583333,54.8
1389,1864.666667,28.5
1390,1864.75,33.9
1391,1864.833333,57.6
1392,1864.916667,28.6
1393,1865,48.7
1394,1865.083333,39.3
1395,1865.166667,39.5
1396,1865.25,29.4
1397,1865.333333,34.5
1398,1865.416667,33.6
1399,1865.5,26.8
1400,1865.583333,37.8
1401,1865.666667,21.6
1402,1865.75,17.1
1403,1865.833333,24.6
1404,1865.916667,12.8
1405,1866,31.6
1406,1866.083333,38.4
1407,1866.166667,24.5
1408,1866.25,17.6
1409,1866.333333,12.9
1410,1866.416667,16.5
1411,1866.5,9.3
1412,1866.583333,12.7
1413,1866.666667,7.3
1414,1866.75,14.1
1415,1866.833333,9
1416,1866.916667,1.5
1417,1867,0
1418,1867.083333,0.7
1419,1867.166667,9.2
1420,1867.25,5.1
1421,1867.333333,2.9
1422,1867.416667,1.5
1423,1867.5,5
1424,1867.583333,4.8
1425,1867.666667,9.8
1426,1867.75,13.5
1427,1867.833333,9.6
1428,1867.916667,25.2
1429,1868,15.5
1430,1868.083333,15.7
1431,1868.166667,26.5
1432,1868.25,36.6
1433,1868.333333,26.7
1434,1868.416667,31.1
1435,1868.5,29
1436,1868.583333,34.4
1437,1868.666667,47.2
1438,1868.75,61.6
1439,1868.833333,59.1
1440,1868.916667,67.6
1441,1869,60.9
1442,1869.083333,59.9
1443,1869.166667,52.7
1444,1869.25,41
1445,1869.333333,103.9
1446,1869.416667,108.4
1447,1869.5,59.2
1448,1869.583333,79.6
1449,1869.666667,80.6
1450,1869.75,59.3
1451,1869.833333,78.1
1452,1869.916667,104.4
1453,1870,77.3
1454,1870.083333,114.9
1455,1870.166667,157.5
1456,1870.25,160
1457,1870.333333,176
1458,1870.416667,135.6
1459,1870.5,132.4
1460,1870.583333,153.8
1461,1870.666667,136
1462,1870.75,146.4
1463,1870.833333,147.5
1464,1870.916667,130
1465,1871,88.3
1466,1871.083333,125.3
1467,1871.166667,143.2
1468,1871.25,162.4
1469,1871.333333,145.5
1470,1871.416667,91.7
1471,1871.5,103
1472,1871.583333,110.1
1473,1871.666667,80.3
1474,1871.75,89
1475,1871.833333,105.4
1476,1871.916667,90.4
1477,1872,79.5
1478,1872.083333,120.1
1479,1872.166667,88.4
1480,1872.25,102.1
1481,1872.333333,107.6
1482,1872.416667,109.9
1483,1872.5,105.5
1484,1872.583333,92.9
1485,1872.666667,114.6
1486,1872.75,102.6
1487,1872.833333,112
1488,1872.916667,83.9
1489,1873,86.7
1490,1873.083333,107
1491,1873.166667,98.3
1492,1873.25,76.2
1493,1873.333333,47.9
1494,1873.416667,44.8
1495,1873.5,66.9
1496,1873.583333,68.2
1497,1873.666667,47.1
1498,1873.75,47.1
1499,1873.833333,55.4
1500,1873.916667,49.2
1501,1874,60.8
1502,1874.083333,64.2
1503,1874.166667,46.4
1504,1874.25,32
1505,1874.333333,44.6
1506,1874.416667,38.2
1507,1874.5,67.8
1508,1874.583333,61.3
1509,1874.666667,28
1510,1874.75,34.3
1511,1874.833333,28.9
1512,1874.916667,29.3
1513,1875,14.6
1514,1875.083333,21.5
1515,1875.166667,33.8
1516,1875.25,29.1
1517,1875.333333,11.5
1518,1875.416667,23.9
1519,1875.5,12.5
1520,1875.583333,14.6
1521,1875.666667,2.4
1522,1875.75,12.7
1523,1875.833333,17.7
1524,1875.916667,9.9
1525,1876,14.3
1526,1876.083333,15
1527,1876.166667,30.6
1528,1876.25,2.3
1529,1876.333333,5.1
1530,1876.416667,1.6
1531,1876.5,15.2
1532,1876.583333,8.8
1533,1876.666667,9.9
1534,1876.75,14.3
1535,1876.833333,9.9
1536,1876.916667,8.2
1537,1877,24.4
1538,1877.083333,8.7
1539,1877.166667,11.9
1540,1877.25,15.8
1541,1877.333333,21.6
1542,1877.416667,14.2
1543,1877.5,6
1544,1877.583333,6.3
1545,1877.666667,16.9
1546,1877.75,6.7
1547,1877.833333,14.2
1548,1877.916667,2.2
1549,1878,3.3
1550,1878.083333,6.6
1551,1878.166667,7.8
1552,1878.25,0.1
1553,1878.333333,5.9
1554,1878.416667,6.4
1555,1878.5,0.1
1556,1878.583333,0
1557,1878.666667,5.3
1558,1878.75,1.1
1559,1878.833333,4.1
1560,1878.916667,0.5
1561,1879,1
1562,1879.083333,0.6
1563,1879.166667,0
1564,1879.25,6.2
1565,1879.333333,2.4
1566,1879.416667,4.8
1567,1879.5,7.5
1568,1879.583333,10.7
1569,1879.666667,6.1
1570,1879.75,12.3
1571,1879.833333,13.1
1572,1879.916667,7.3
1573,1880,24
1574,1880.083333,27.2
1575,1880.166667,19.3
1576,1880.25,19.5
1577,1880.333333,23.5
1578,1880.416667,34.1
1579,1880.5,21.9
1580,1880.583333,48.1
1581,1880.666667,66
1582,1880.75,43
1583,1880.833333,30.7
1584,1880.916667,29.6
1585,1881,36.4
1586,1881.083333,53.2
1587,1881.166667,51.5
1588,1881.25,51.6
1589,1881.333333,43.5
1590,1881.416667,60.5
1591,1881.5,76.9
1592,1881.583333,58.4
1593,1881.666667,53.2
1594,1881.75,64.4
1595,1881.833333,54.8
1596,1881.916667,47.3
1597,1882,45
1598,1882.083333,69.5
1599,1882.166667,66.8
1600,1882.25,95.8
1601,1882.333333,64.1
1602,1882.416667,45.2
1603,1882.5,45.4
1604,1882.583333,40.4
1605,1882.666667,57.7
1606,1882.75,59.2
1607,1882.833333,84.4
1608,1882.916667,41.8
1609,1883,60.6
1610,1883.083333,46.9
1611,1883.166667,42.8
1612,1883.25,82.1
1613,1883.333333,31.5
1614,1883.416667,76.3
1615,1883.5,80.6
1616,1883.583333,46
1617,1883.666667,52.6
1618,1883.75,83.8
1619,1883.833333,84.5
1620,1883.916667,75.9
1621,1884,91.5
1622,1884.083333,86.9
1623,1884.166667,87.5
1624,1884.25,76.1
1625,1884.333333,66.5
1626,1884.416667,51.2
1627,1884.5,53.1
1628,1884.583333,55.8
1629,1884.666667,61.9
1630,1884.75,47.8
1631,1884.833333,36.6
1632,1884.916667,47.2
1633,1885,42.8
1634,1885.083333,71.8
1635,1885.166667,49.8
1636,1885.25,55
1637,1885.333333,73
1638,1885.416667,83.7
1639,1885.5,66.5
1640,1885.583333,50
1641,1885.666667,39.6
1642,1885.75,38.7
1643,1885.833333,30.9
1644,1885.916667,21.7
1645,1886,29.9
1646,1886.083333,25.9
1647,1886.166667,57.3
1648,1886.25,43.7
1649,1886.333333,30.7
1650,1886.416667,27.1
1651,1886.5,30.3
1652,1886.583333,16.9
1653,1886.666667,21.4
1654,1886.75,8.6
1655,1886.833333,0.3
1656,1886.916667,13
1657,1887,10.3
1658,1887.083333,13.2
1659,1887.166667,4.2
1660,1887.25,6.9
1661,1887.333333,20
1662,1887.416667,15.7
1663,1887.5,23.4
1664,1887.583333,21.4
1665,1887.666667,7.4
1666,1887.75,6.6
1667,1887.833333,6.9
1668,1887.916667,20.7
1669,1888,12.7
1670,1888.083333,7.1
1671,1888.166667,7.8
1672,1888.25,5.1
1673,1888.333333,7
1674,1888.416667,7.1
1675,1888.5,3.1
1676,1888.583333,2.8
1677,1888.666667,8.8
1678,1888.75,2.1
1679,1888.833333,10.7
1680,1888.916667,6.7
1681,1889,0.8
1682,1889.083333,8.5
1683,1889.166667,6.7
1684,1889.25,4.3
1685,1889.333333,2.4
1686,1889.416667,6.4
1687,1889.5,9.4
1688,1889.583333,20.6
1689,1889.666667,6.5
1690,1889.75,2.1
1691,1889.833333,0.2
1692,1889.916667,6.7
1693,1890,5.3
1694,1890.083333,0.6
1695,1890.166667,5.1
1696,1890.25,1.6
1697,1890.333333,4.8
1698,1890.416667,1.3
1699,1890.5,11.6
1700,1890.583333,8.5
1701,1890.666667,17.2
1702,1890.75,11.2
1703,1890.833333,9.6
1704,1890.916667,7.8
1705,1891,13.5
1706,1891.083333,22.2
1707,1891.166667,10.4
1708,1891.25,20.5
1709,1891.333333,41.1
1710,1891.416667,48.3
1711,1891.5,58.8
1712,1891.583333,33
1713,1891.666667,53.8
1714,1891.75,51.5
1715,1891.833333,41.9
1716,1891.916667,32.5
1717,1892,69.1
1718,1892.083333,75.6
1719,1892.166667,49.9
1720,1892.25,69.6
1721,1892.333333,79.6
1722,1892.416667,76.3
1723,1892.5,76.5
1724,1892.583333,101.4
1725,1892.666667,62.8
1726,1892.75,70.5
1727,1892.833333,65.4
1728,1892.916667,78.6
1729,1893,75
1730,1893.083333,73
1731,1893.166667,65.7
1732,1893.25,88.1
1733,1893.333333,84.7
1734,1893.416667,89.9
1735,1893.5,88.6
1736,1893.583333,129.2
1737,1893.666667,77.9
1738,1893.75,80
1739,1893.833333,75.1
1740,1893.916667,93.8
1741,1894,83.2
1742,1894.083333,84.6
1743,1894.166667,52.3
1744,1894.25,81.6
1745,1894.333333,101.2
1746,1894.416667,98.9
1747,1894.5,106
1748,1894.583333,70.3
1749,1894.666667,65.9
1750,1894.75,75.5
1751,1894.833333,56.6
1752,1894.916667,60
1753,1895,63.3
1754,1895.083333,67.2
1755,1895.166667,61
1756,1895.25,76.9
1757,1895.333333,67.5
1758,1895.416667,71.5
1759,1895.5,47.8
1760,1895.583333,68.9
1761,1895.666667,57.7
1762,1895.75,67.9
1763,1895.833333,47.2
1764,1895.916667,70.7
1765,1896,29
1766,1896.083333,57.4
1767,1896.166667,52
1768,1896.25,43.8
1769,1896.333333,27.7
1770,1896.416667,49
1771,1896.5,45
1772,1896.583333,27.2
1773,1896.666667,61.3
1774,1896.75,28.7
1775,1896.833333,38
1776,1896.916667,42.6
1777,1897,40.6
1778,1897.083333,29.4
1779,1897.166667,29.1
1780,1897.25,31
1781,1897.333333,20
1782,1897.416667,11.3
1783,1897.5,27.6
1784,1897.583333,21.8
1785,1897.666667,48.1
1786,1897.75,14.3
1787,1897.833333,8.4
1788,1897.916667,33.3
1789,1898,30.2
1790,1898.083333,36.4
1791,1898.166667,38.3
1792,1898.25,14.5
1793,1898.333333,25.8
1794,1898.416667,22.3
1795,1898.5,9
1796,1898.583333,31.4
1797,1898.666667,34.8
1798,1898.75,34.4
1799,1898.833333,30.9
1800,1898.916667,12.6
1801,1899,19.5
1802,1899.083333,9.2
1803,1899.166667,18.1
1804,1899.25,14.2
1805,1899.333333,7.7
1806,1899.416667,20.5
1807,1899.5,13.5
1808,1899.583333,2.9
1809,1899.666667,8.4
1810,1899.75,13
1811,1899.833333,7.8
1812,1899.916667,10.5
1813,1900,9.4
1814,1900.083333,13.6
1815,1900.166667,8.6
1816,1900.25,16
1817,1900.333333,15.2
1818,1900.416667,12.1
1819,1900.5,8.3
1820,1900.583333,4.3
1821,1900.666667,8.3
1822,1900.75,12.9
1823,1900.833333,4.5
1824,1900.916667,0.3
1825,1901,0.2
1826,1901.083333,2.4
1827,1901.166667,4.5
1828,1901.25,0
1829,1901.333333,10.2
1830,1901.416667,5.8
1831,1901.5,0.7
1832,1901.583333,1
1833,1901.666667,0.6
1834,1901.75,3.7
1835,1901.833333,3.8
1836,1901.916667,0
1837,1902,5.5
1838,1902.083333,0
1839,1902.166667,12.4
1840,1902.25,0
1841,1902.333333,2.8
1842,1902.416667,1.4
1843,1902.5,0.9
1844,1902.583333,2.3
1845,1902.666667,7.6
1846,1902.75,16.3
1847,1902.833333,10.3
1848,1902.916667,1.1
1849,1903,8.3
1850,1903.083333,17
1851,1903.166667,13.5
1852,1903.25,26.1
1853,1903.333333,14.6
1854,1903.416667,16.3
1855,1903.5,27.9
1856,1903.583333,28.8
1857,1903.666667,11.1
1858,1903.75,38.9
1859,1903.833333,44.5
1860,1903.916667,45.6
1861,1904,31.6
1862,1904.083333,24.5
1863,1904.166667,37.2
1864,1904.25,43
1865,1904.333333,39.5
1866,1904.416667,41.9
1867,1904.5,50.6
1868,1904.583333,58.2
1869,1904.666667,30.1
1870,1904.75,54.2
1871,1904.833333,38
1872,1904.916667,54.6
1873,1905,54.8
1874,1905.083333,85.8
1875,1905.166667,56.5
1876,1905.25,39.3
1877,1905.333333,48
1878,1905.416667,49
1879,1905.5,73
1880,1905.583333,58.8
1881,1905.666667,55
1882,1905.75,78.7
1883,1905.833333,107.2
1884,1905.916667,55.5
1885,1906,45.5
1886,1906.083333,31.3
1887,1906.166667,64.5
1888,1906.25,55.3
1889,1906.333333,57.7
1890,1906.416667,63.2
1891,1906.5,103.6
1892,1906.583333,47.7
1893,1906.666667,56.1
1894,1906.75,17.8
1895,1906.833333,38.9
1896,1906.916667,64.7
1897,1907,76.4
1898,1907.083333,108.2
1899,1907.166667,60.7
1900,1907.25,52.6
1901,1907.333333,42.9
1902,1907.416667,40.4
1903,1907.5,49.7
1904,1907.583333,54.3
1905,1907.666667,85
1906,1907.75,65.4
1907,1907.833333,61.5
1908,1907.916667,47.3
1909,1908,39.2
1910,1908.083333,33.9
1911,1908.166667,28.7
1912,1908.25,57.6
1913,1908.333333,40.8
1914,1908.416667,48.1
1915,1908.5,39.5
1916,1908.583333,90.5
1917,1908.666667,86.9
1918,1908.75,32.3
1919,1908.833333,45.5
1920,1908.916667,39.5
1921,1909,56.7
1922,1909.083333,46.6
1923,1909.166667,66.3
1924,1909.25,32.3
1925,1909.333333,36
1926,1909.416667,22.6
1927,1909.5,35.8
1928,1909.583333,23.1
1929,1909.666667,38.8
1930,1909.75,58.4
1931,1909.833333,55.8
1932,1909.916667,54.2
1933,1910,26.4
1934,1910.083333,31.5
1935,1910.166667,21.4
1936,1910.25,8.4
1937,1910.333333,22.2
1938,1910.416667,12.3
1939,1910.5,14.1
1940,1910.583333,11.5
1941,1910.666667,26.2
1942,1910.75,38.3
1943,1910.833333,4.9
1944,1910.916667,5.8
1945,1911,3.4
1946,1911.083333,9
1947,1911.166667,7.8
1948,1911.25,16.5
1949,1911.333333,9
1950,1911.416667,2.2
1951,1911.5,3.5
1952,1911.583333,4
1953,1911.666667,4
1954,1911.75,2.6
1955,1911.833333,4.2
1956,1911.916667,2.2
1957,1912,0.3
1958,1912.083333,0
1959,1912.166667,4.9
1960,1912.25,4.5
1961,1912.333333,4.4
1962,1912.416667,4.1
1963,1912.5,3
1964,1912.583333,0.3
1965,1912.666667,9.5
1966,1912.75,4.6
1967,1912.833333,1.1
1968,1912.916667,6.4
1969,1913,2.3
1970,1913.083333,2.9
1971,1913.166667,0.5
1972,1913.25,0.9
1973,1913.333333,0
1974,1913.416667,0
1975,1913.5,1.7
1976,1913.583333,0.2
1977,1913.666667,1.2
1978,1913.75,3.1
1979,1913.833333,0.7
1980,1913.916667,3.8
1981,1914,2.8
1982,1914.083333,2.6
1983,1914.166667,3.1
1984,1914.25,17.3
1985,1914.333333,5.2
1986,1914.416667,11.4
1987,1914.5,5.4
1988,1914.583333,7.7
1989,1914.666667,12.7
1990,1914.75,8.2
1991,1914.833333,16.4
1992,1914.916667,22.3
1993,1915,23
1994,1915.083333,42.3
1995,1915.166667,38.8
1996,1915.25,41.3
1997,1915.333333,33
1998,1915.416667,68.8
1999,1915.5,71.6
2000,1915.583333,69.6
2001,1915.666667,49.5
2002,1915.75,53.5
2003,1915.833333,42.5
2004,1915.916667,34.5
2005,1916,45.3
2006,1916.083333,55.4
2007,1916.166667,67
2008,1916.25,71.8
2009,1916.333333,74.5
2010,1916.416667,67.7
2011,1916.5,53.5
2012,1916.583333,35.2
2013,1916.666667,45.1
2014,1916.75,50.7
2015,1916.833333,65.6
2016,1916.916667,53
2017,1917,74.7
2018,1917.083333,71.9
2019,1917.166667,94.8
2020,1917.25,74.7
2021,1917.333333,114.1
2022,1917.416667,114.9
2023,1917.5,119.8
2024,1917.583333,154.5
2025,1917.666667,129.4
2026,1917.75,72.2
2027,1917.833333,96.4
2028,1917.916667,129.3
2029,1918,96
2030,1918.083333,65.3
2031,1918.166667,72.2
2032,1918.25,80.5
2033,1918.333333,76.7
2034,1918.416667,59.4
2035,1918.5,107.6
2036,1918.583333,101.7
2037,1918.666667,79.9
2038,1918.75,85
2039,1918.833333,83.4
2040,1918.916667,59.2
2041,1919,48.1
2042,1919.083333,79.5
2043,1919.166667,66.5
2044,1919.25,51.8
2045,1919.333333,88.1
2046,1919.416667,111.2
2047,1919.5,64.7
2048,1919.583333,69
2049,1919.666667,54.7
2050,1919.75,52.8
2051,1919.833333,42
2052,1919.916667,34.9
2053,1920,51.1
2054,1920.083333,53.9
2055,1920.166667,70.2
2056,1920.25,14.8
2057,1920.333333,33.3
2058,1920.416667,38.7
2059,1920.5,27.5
2060,1920.583333,19.2
2061,1920.666667,36.3
2062,1920.75,49.6
2063,1920.833333,27.2
2064,1920.916667,29.9
2065,1921,31.5
2066,1921.083333,28.3
2067,1921.166667,26.7
2068,1921.25,32.4
2069,1921.333333,22.2
2070,1921.416667,33.7
2071,1921.5,41.9
2072,1921.583333,22.8
2073,1921.666667,17.8
2074,1921.75,18.2
2075,1921.833333,17.8
2076,1921.916667,20.3
2077,1922,11.8
2078,1922.083333,26.4
2079,1922.166667,54.7
2080,1922.25,11
2081,1922.333333,8
2082,1922.416667,5.8
2083,1922.5,10.9
2084,1922.583333,6.5
2085,1922.666667,4.7
2086,1922.75,6.2
2087,1922.833333,7.4
2088,1922.916667,17.5
2089,1923,4.5
2090,1923.083333,1.5
2091,1923.166667,3.3
2092,1923.25,6.1
2093,1923.333333,3.2
2094,1923.416667,9.1
2095,1923.5,3.5
2096,1923.583333,0.5
2097,1923.666667,13.2
2098,1923.75,11.6
2099,1923.833333,10
2100,1923.916667,2.8
2101,1924,0.5
2102,1924.083333,5.1
2103,1924.166667,1.8
2104,1924.25,11.3
2105,1924.333333,20.8
2106,1924.416667,24
2107,1924.5,28.1
2108,1924.583333,19.3
2109,1924.666667,25.1
2110,1924.75,25.6
2111,1924.833333,22.5
2112,1924.916667,16.5
2113,1925,5.5
2114,1925.083333,23.2
2115,1925.166667,18
2116,1925.25,31.7
2117,1925.333333,42.8
2118,1925.416667,47.5
2119,1925.5,38.5
2120,1925.583333,37.9
2121,1925.666667,60.2
2122,1925.75,69.2
2123,1925.833333,58.6
2124,1925.916667,98.6
2125,1926,71.8
2126,1926.083333,69.9
2127,1926.166667,62.5
2128,1926.25,38.5
2129,1926.333333,64.3
2130,1926.416667,73.5
2131,1926.5,52.3
2132,1926.583333,61.6
2133,1926.666667,60.8
2134,1926.75,71.5
2135,1926.833333,60.5
2136,1926.916667,79.4
2137,1927,81.6
2138,1927.083333,93
2139,1927.166667,69.6
2140,1927.25,93.5
2141,1927.333333,79.1
2142,1927.416667,59.1
2143,1927.5,54.9
2144,1927.583333,53.8
2145,1927.666667,68.4
2146,1927.75,63.1
2147,1927.833333,67.2
2148,1927.916667,45.2
2149,1928,83.5
2150,1928.083333,73.5
2151,1928.166667,85.5
2152,1928.25,80.6
2153,1928.333333,77
2154,1928.416667,91.4
2155,1928.5,98
2156,1928.583333,83.8
2157,1928.666667,89.7
2158,1928.75,61.4
2159,1928.833333,50.3
2160,1928.916667,59
2161,1929,68.9
2162,1929.083333,62.8
2163,1929.166667,50.2
2164,1929.25,52.8
2165,1929.333333,58.2
2166,1929.416667,71.9
2167,1929.5,70.2
2168,1929.583333,65.8
2169,1929.666667,34.4
2170,1929.75,54
2171,1929.833333,81.1
2172,1929.916667,108
2173,1930,65.3
2174,1930.083333,49.9
2175,1930.166667,35
2176,1930.25,38.2
2177,1930.333333,36.8
2178,1930.416667,28.8
2179,1930.5,21.9
2180,1930.583333,24.9
2181,1930.666667,32.1
2182,1930.75,34.4
2183,1930.833333,35.6
2184,1930.916667,25.8
2185,1931,14.6
2186,1931.083333,43.1
2187,1931.166667,30
2188,1931.25,31.2
2189,1931.333333,24.6
2190,1931.416667,15.3
2191,1931.5,17.4
2192,1931.583333,13
2193,1931.666667,19
2194,1931.75,10
2195,1931.833333,18.7
2196,1931.916667,17.8
2197,1932,12.1
2198,1932.083333,10.6
2199,1932.166667,11.2
2200,1932.25,11.2
2201,1932.333333,17.9
2202,1932.416667,22.2
2203,1932.5,9.6
2204,1932.583333,6.8
2205,1932.666667,4
2206,1932.75,8.9
2207,1932.833333,8.2
2208,1932.916667,11
2209,1933,12.3
2210,1933.083333,22.2
2211,1933.166667,10.1
2212,1933.25,2.9
2213,1933.333333,3.2
2214,1933.416667,5.2
2215,1933.5,2.8
2216,1933.583333,0.2
2217,1933.666667,5.1
2218,1933.75,3
2219,1933.833333,0.6
2220,1933.916667,0.3
2221,1934,3.4
2222,1934.083333,7.8
2223,1934.166667,4.3
2224,1934.25,11.3
2225,1934.333333,19.7
2226,1934.416667,6.7
2227,1934.5,9.3
2228,1934.583333,8.3
2229,1934.666667,4
2230,1934.75,5.7
2231,1934.833333,8.7
2232,1934.916667,15.4
2233,1935,18.6
2234,1935.083333,20.5
2235,1935.166667,23.1
2236,1935.25,12.2
2237,1935.333333,27.3
2238,1935.416667,45.7
2239,1935.5,33.9
2240,1935.583333,30.1
2241,1935.666667,42.1
2242,1935.75,53.2
2243,1935.833333,64.2
2244,1935.916667,61.5
2245,1936,62.8
2246,1936.083333,74.3
2247,1936.166667,77.1
2248,1936.25,74.9
2249,1936.333333,54.6
2250,1936.416667,70
2251,1936.5,52.3
2252,1936.583333,87
2253,1936.666667,76
2254,1936.75,89
2255,1936.833333,115.4
2256,1936.916667,123.4
2257,1937,132.5
2258,1937.083333,128.5
2259,1937.166667,83.9
2260,1937.25,109.3
2261,1937.333333,116.7
2262,1937.416667,130.3
2263,1937.5,145.1
2264,1937.583333,137.7
2265,1937.666667,100.7
2266,1937.75,124.9
2267,1937.833333,74.4
2268,1937.916667,88.8
2269,1938,98.4
2270,1938.083333,119.2
2271,1938.166667,86.5
2272,1938.25,101
2273,1938.333333,127.4
2274,1938.416667,97.5
2275,1938.5,165.3
2276,1938.583333,115.7
2277,1938.666667,89.6
2278,1938.75,99.1
2279,1938.833333,122.2
2280,1938.916667,92.7
2281,1939,80.3
2282,1939.083333,77.4
2283,1939.166667,64.6
2284,1939.25,109.1
2285,1939.333333,118.3
2286,1939.416667,101
2287,1939.5,97.6
2288,1939.583333,105.8
2289,1939.666667,112.6
2290,1939.75,88.1
2291,1939.833333,68.1
2292,1939.916667,42.1
2293,1940,50.5
2294,1940.083333,59.4
2295,1940.166667,83.3
2296,1940.25,60.7
2297,1940.333333,54.4
2298,1940.416667,83.9
2299,1940.5,67.5
2300,1940.583333,105.5
2301,1940.666667,66.5
2302,1940.75,55
2303,1940.833333,58.4
2304,1940.916667,68.3
2305,1941,45.6
2306,1941.083333,44.5
2307,1941.166667,46.4
2308,1941.25,32.8
2309,1941.333333,29.5
2310,1941.416667,59.8
2311,1941.5,66.9
2312,1941.583333,60
2313,1941.666667,65.9
2314,1941.75,46.3
2315,1941.833333,38.4
2316,1941.916667,33.7
2317,1942,35.6
2318,1942.083333,52.8
2319,1942.166667,54.2
2320,1942.25,60.7
2321,1942.333333,25
2322,1942.416667,11.4
2323,1942.5,17.7
2324,1942.583333,20.2
2325,1942.666667,17.2
2326,1942.75,19.2
2327,1942.833333,30.7
2328,1942.916667,22.5
2329,1943,12.5
2330,1943.083333,28.9
2331,1943.166667,27.4
2332,1943.25,26.1
2333,1943.333333,14.1
2334,1943.416667,7.6
2335,1943.5,13.2
2336,1943.583333,19.4
2337,1943.666667,10
2338,1943.75,7.8
2339,1943.833333,10.2
2340,1943.916667,18.8
2341,1944,3.7
2342,1944.083333,0.5
2343,1944.166667,11
2344,1944.25,0.3
2345,1944.333333,2.5
2346,1944.416667,5
2347,1944.5,5
2348,1944.583333,16.7
2349,1944.666667,14.3
2350,1944.75,16.9
2351,1944.833333,10.8
2352,1944.916667,28.4
2353,1945,18.5
2354,1945.083333,12.7
2355,1945.166667,21.5
2356,1945.25,32
2357,1945.333333,30.6
2358,1945.416667,36.2
2359,1945.5,42.6
2360,1945.583333,25.9
2361,1945.666667,34.9
2362,1945.75,68.8
2363,1945.833333,46
2364,1945.916667,27.4
2365,1946,47.6
2366,1946.083333,86.2
2367,1946.166667,76.6
2368,1946.25,75.7
2369,1946.333333,84.9
2370,1946.416667,73.5
2371,1946.5,116.2
2372,1946.583333,107.2
2373,1946.666667,94.4
2374,1946.75,102.3
2375,1946.833333,123.8
2376,1946.916667,121.7
2377,1947,115.7
2378,1947.083333,133.4
2379,1947.166667,129.8
2380,1947.25,149.8
2381,1947.333333,201.3
2382,1947.416667,163.9
2383,1947.5,157.9
2384,1947.583333,188.8
2385,1947.666667,169.4
2386,1947.75,163.6
2387,1947.833333,128
2388,1947.916667,116.5
2389,1948,108.5
2390,1948.083333,86.1
2391,1948.166667,94.8
2392,1948.25,189.7
2393,1948.333333,174
2394,1948.416667,167.8
2395,1948.5,142.2
2396,1948.583333,157.9
2397,1948.666667,143.3
2398,1948.75,136.3
2399,1948.833333,95.8
2400,1948.916667,138
2401,1949,119.1
2402,1949.083333,182.3
2403,1949.166667,157.5
2404,1949.25,147
2405,1949.333333,106.2
2406,1949.416667,121.7
2407,1949.5,125.8
2408,1949.583333,123.8
2409,1949.666667,145.3
2410,1949.75,131.6
2411,1949.833333,143.5
2412,1949.916667,117.6
2413,1950,101.6
2414,1950.083333,94.8
2415,1950.166667,109.7
2416,1950.25,113.4
2417,1950.333333,106.2
2418,1950.416667,83.6
2419,1950.5,91
2420,1950.583333,85.2
2421,1950.666667,51.3
2422,1950.75,61.4
2423,1950.833333,54.8
2424,1950.916667,54.1
2425,1951,59.9
2426,1951.083333,59.9
2427,1951.166667,55.9
2428,1951.25,92.9
2429,1951.333333,108.5
2430,1951.416667,100.6
2431,1951.5,61.5
2432,1951.583333,61
2433,1951.666667,83.1
2434,1951.75,51.6
2435,1951.833333,52.4
2436,1951.916667,45.8
2437,1952,40.7
2438,1952.083333,22.7
2439,1952.166667,22
2440,1952.25,29.1
2441,1952.333333,23.4
2442,1952.416667,36.4
2443,1952.5,39.3
2444,1952.583333,54.9
2445,1952.666667,28.2
2446,1952.75,23.8
2447,1952.833333,22.1
2448,1952.916667,34.3
2449,1953,26.5
2450,1953.083333,3.9
2451,1953.166667,10
2452,1953.25,27.8
2453,1953.333333,12.5
2454,1953.416667,21.8
2455,1953.5,8.6
2456,1953.583333,23.5
2457,1953.666667,19.3
2458,1953.75,8.2
2459,1953.833333,1.6
2460,1953.916667,2.5
2461,1954,0.2
2462,1954.083333,0.5
2463,1954.166667,10.9
2464,1954.25,1.8
2465,1954.333333,0.8
2466,1954.416667,0.2
2467,1954.5,4.8
2468,1954.583333,8.4
2469,1954.666667,1.5
2470,1954.75,7
2471,1954.833333,9.2
2472,1954.916667,7.6
2473,1955,23.1
2474,1955.083333,20.8
2475,1955.166667,4.9
2476,1955.25,11.3
2477,1955.333333,28.9
2478,1955.416667,31.7
2479,1955.5,26.7
2480,1955.583333,40.7
2481,1955.666667,42.7
2482,1955.75,58.5
2483,1955.833333,89.2
2484,1955.916667,76.9
2485,1956,73.6
2486,1956.083333,124
2487,1956.166667,118.4
2488,1956.25,110.7
2489,1956.333333,136.6
2490,1956.416667,116.6
2491,1956.5,129.1
2492,1956.583333,169.6
2493,1956.666667,173.2
2494,1956.75,155.3
2495,1956.833333,201.3
2496,1956.916667,192.1
2497,1957,165
2498,1957.083333,130.3
2499,1957.166667,157.4
2500,1957.25,175.2
2501,1957.333333,164.6
2502,1957.416667,200.7
2503,1957.5,187.2
2504,1957.583333,158
2505,1957.666667,235.8
2506,1957.75,253.8
2507,1957.833333,210.9
2508,1957.916667,239.4
2509,1958,202.5
2510,1958.083333,164.9
2511,1958.166667,190.7
2512,1958.25,196
2513,1958.333333,175.3
2514,1958.416667,171.5
2515,1958.5,191.4
2516,1958.583333,200.2
2517,1958.666667,201.2
2518,1958.75,181.5
2519,1958.833333,152.3
2520,1958.916667,187.6
2521,1959,217.4
2522,1959.083333,143.1
2523,1959.166667,185.7
2524,1959.25,163.3
2525,1959.333333,172
2526,1959.416667,168.7
2527,1959.5,149.6
2528,1959.583333,199.6
2529,1959.666667,145.2
2530,1959.75,111.4
2531,1959.833333,124
2532,1959.916667,125
2533,1960,146.3
2534,1960.083333,106
2535,1960.166667,102.2
2536,1960.25,122
2537,1960.333333,119.6
2538,1960.416667,110.2
2539,1960.5,121.7
2540,1960.583333,134.1
2541,1960.666667,127.2
2542,1960.75,82.8
2543,1960.833333,89.6
2544,1960.916667,85.6
2545,1961,57.9
2546,1961.083333,46.1
2547,1961.166667,53
2548,1961.25,61.4
2549,1961.333333,51
2550,1961.416667,77.4
2551,1961.5,70.2
2552,1961.583333,55.8
2553,1961.666667,63.6
2554,1961.75,37.7
2555,1961.833333,32.6
2556,1961.916667,39.9
2557,1962,38.7
2558,1962.083333,50.3
2559,1962.166667,45.6
2560,1962.25,46.4
2561,1962.333333,43.7
2562,1962.416667,42
2563,1962.5,21.8
2564,1962.583333,21.8
2565,1962.666667,51.3
2566,1962.75,39.5
2567,1962.833333,26.9
2568,1962.916667,23.2
2569,1963,19.8
2570,1963.083333,24.4
2571,1963.166667,17.1
2572,1963.25,29.3
2573,1963.333333,43
2574,1963.416667,35.9
2575,1963.5,19.6
2576,1963.583333,33.2
2577,1963.666667,38.8
2578,1963.75,35.3
2579,1963.833333,23.4
2580,1963.916667,14.9
2581,1964,15.3
2582,1964.083333,17.7
2583,1964.166667,16.5
2584,1964.25,8.6
2585,1964.333333,9.5
2586,1964.416667,9.1
2587,1964.5,3.1
2588,1964.583333,9.3
2589,1964.666667,4.7
2590,1964.75,6.1
2591,1964.833333,7.4
2592,1964.916667,15.1
2593,1965,17.5
2594,1965.083333,14.3
2595,1965.166667,11.7
2596,1965.25,6.8
2597,1965.333333,24.1
2598,1965.416667,15.9
2599,1965.5,11.9
2600,1965.583333,8.9
2601,1965.666667,16.8
2602,1965.75,20.1
2603,1965.833333,15.8
2604,1965.916667,17
2605,1966,28.2
2606,1966.083333,24.4
2607,1966.166667,25.3
2608,1966.25,48.7
2609,1966.333333,45.3
2610,1966.416667,47.7
2611,1966.5,56.7
2612,1966.583333,51.2
2613,1966.666667,50.2
2614,1966.75,57.2
2615,1966.833333,57.2
2616,1966.916667,70.4
2617,1967,110.9
2618,1967.083333,93.6
2619,1967.166667,111.8
2620,1967.25,69.5
2621,1967.333333,86.5
2622,1967.416667,67.3
2623,1967.5,91.5
2624,1967.583333,107.2
2625,1967.666667,76.8
2626,1967.75,88.2
2627,1967.833333,94.3
2628,1967.916667,126.4
2629,1968,121.8
2630,1968.083333,111.9
2631,1968.166667,92.2
2632,1968.25,81.2
2633,1968.333333,127.2
2634,1968.416667,110.3
2635,1968.5,96.1
2636,1968.583333,109.3
2637,1968.666667,117.2
2638,1968.75,107.7
2639,1968.833333,86
2640,1968.916667,109.8
2641,1969,104.4
2642,1969.083333,120.5
2643,1969.166667,135.8
2644,1969.25,106.8
2645,1969.333333,120
2646,1969.416667,106
2647,1969.5,96.8
2648,1969.583333,98
2649,1969.666667,91.3
2650,1969.75,95.7
2651,1969.833333,93.5
2652,1969.916667,97.9
2653,1970,111.5
2654,1970.083333,127.8
2655,1970.166667,102.9
2656,1970.25,109.5
2657,1970.333333,127.5
2658,1970.416667,106.8
2659,1970.5,112.5
2660,1970.583333,93
2661,1970.666667,99.5
2662,1970.75,86.6
2663,1970.833333,95.2
2664,1970.916667,83.5
2665,1971,91.3
2666,1971.083333,79
2667,1971.166667,60.7
2668,1971.25,71.8
2669,1971.333333,57.5
2670,1971.416667,49.8
2671,1971.5,81
2672,1971.583333,61.4
2673,1971.666667,50.2
2674,1971.75,51.7
2675,1971.833333,63.2
2676,1971.916667,82.2
2677,1972,61.5
2678,1972.083333,88.4
2679,1972.166667,80.1
2680,1972.25,63.2
2681,1972.333333,80.5
2682,1972.416667,88
2683,1972.5,76.5
2684,1972.583333,76.8
2685,1972.666667,64
2686,1972.75,61.3
2687,1972.833333,41.6
2688,1972.916667,45.3
2689,1973,43.4
2690,1973.083333,42.9
2691,1973.166667,46
2692,1973.25,57.7
2693,1973.333333,42.4
2694,1973.416667,39.5
2695,1973.5,23.1
2696,1973.583333,25.6
2697,1973.666667,59.3
2698,1973.75,30.7
2699,1973.833333,23.9
2700,1973.916667,23.3
2701,1974,27.6
2702,1974.083333,26
2703,1974.166667,21.3
2704,1974.25,40.3
2705,1974.333333,39.5
2706,1974.416667,36
2707,1974.5,55.8
2708,1974.583333,33.6
2709,1974.666667,40.2
2710,1974.75,47.1
2711,1974.833333,25
2712,1974.916667,20.5
2713,1975,18.9
2714,1975.083333,11.5
2715,1975.166667,11.5
2716,1975.25,5.1
2717,1975.333333,9
2718,1975.416667,11.4
2719,1975.5,28.2
2720,1975.583333,39.7
2721,1975.666667,13.9
2722,1975.75,9.1
2723,1975.833333,19.4
2724,1975.916667,7.8
2725,1976,8.1
2726,1976.083333,4.3
2727,1976.166667,21.9
2728,1976.25,18.8
2729,1976.333333,12.4
2730,1976.416667,12.2
2731,1976.5,1.9
2732,1976.583333,16.4
2733,1976.666667,13.5
2734,1976.75,20.6
2735,1976.833333,5.2
2736,1976.916667,15.3
2737,1977,16.4
2738,1977.083333,23.1
2739,1977.166667,8.7
2740,1977.25,12.9
2741,1977.333333,18.6
2742,1977.416667,38.5
2743,1977.5,21.4
2744,1977.583333,30.1
2745,1977.666667,44
2746,1977.75,43.8
2747,1977.833333,29.1
2748,1977.916667,43.2
2749,1978,51.9
2750,1978.083333,93.6
2751,1978.166667,76.5
2752,1978.25,99.7
2753,1978.333333,82.7
2754,1978.416667,95.1
2755,1978.5,70.4
2756,1978.583333,58.1
2757,1978.666667,138.2
2758,1978.75,125.1
2759,1978.833333,97.9
2760,1978.916667,122.7
2761,1979,166.6
2762,1979.083333,137.5
2763,1979.166667,138
2764,1979.25,101.5
2765,1979.333333,134.4
2766,1979.416667,149.5
2767,1979.5,159.4
2768,1979.583333,142.2
2769,1979.666667,188.4
2770,1979.75,186.2
2771,1979.833333,183.3
2772,1979.916667,176.3
2773,1980,159.6
2774,1980.083333,155
2775,1980.166667,126.2
2776,1980.25,164.1
2777,1980.333333,179.9
2778,1980.416667,157.3
2779,1980.5,136.3
2780,1980.583333,135.4
2781,1980.666667,155
2782,1980.75,164.7
2783,1980.833333,147.9
2784,1980.916667,174.4
2785,1981,114
2786,1981.083333,141.3
2787,1981.166667,135.5
2788,1981.25,156.4
2789,1981.333333,127.5
2790,1981.416667,90.9
2791,1981.5,143.8
2792,1981.583333,158.7
2793,1981.666667,167.3
2794,1981.75,162.4
2795,1981.833333,137.5
2796,1981.916667,150.1
2797,1982,111.2
2798,1982.083333,163.6
2799,1982.166667,153.8
2800,1982.25,122
2801,1982.333333,82.2
2802,1982.416667,110.4
2803,1982.5,106.1
2804,1982.583333,107.6
2805,1982.666667,118.8
2806,1982.75,94.7
2807,1982.833333,98.1
2808,1982.916667,127
2809,1983,84.3
2810,1983.083333,51
2811,1983.166667,66.5
2812,1983.25,80.7
2813,1983.333333,99.2
2814,1983.416667,91.1
2815,1983.5,82.2
2816,1983.583333,71.8
2817,1983.666667,50.3
2818,1983.75,55.8
2819,1983.833333,33.4
2820,1983.916667,33.4
2821,1984,57
2822,1984.083333,85.4
2823,1984.166667,83.5
2824,1984.25,69.7
2825,1984.333333,76.4
2826,1984.416667,46.1
2827,1984.5,37.4
2828,1984.583333,25.5
2829,1984.666667,15.7
2830,1984.75,12
2831,1984.833333,22.8
2832,1984.916667,18.7
2833,1985,16.5
2834,1985.083333,15.9
2835,1985.166667,17.2
2836,1985.25,16.2
2837,1985.333333,27.5
2838,1985.416667,24.2
2839,1985.5,30.7
2840,1985.583333,11.1
2841,1985.666667,3.9
2842,1985.75,18.6
2843,1985.833333,16.2
2844,1985.916667,17.3
2845,1986,2.5
2846,1986.083333,23.2
2847,1986.166667,15.1
2848,1986.25,18.5
2849,1986.333333,13.7
2850,1986.416667,1.1
2851,1986.5,18.1
2852,1986.583333,7.4
2853,1986.666667,3.8
2854,1986.75,35.4
2855,1986.833333,15.2
2856,1986.916667,6.8
2857,1987,10.4
2858,1987.083333,2.4
2859,1987.166667,14.7
2860,1987.25,39.6
2861,1987.333333,33
2862,1987.416667,17.4
2863,1987.5,33
2864,1987.583333,38.7
2865,1987.666667,33.9
2866,1987.75,60.6
2867,1987.833333,39.9
2868,1987.916667,27.1
2869,1988,59
2870,1988.083333,40
2871,1988.166667,76.2
2872,1988.25,88
2873,1988.333333,60.1
2874,1988.416667,101.8
2875,1988.5,113.8
2876,1988.583333,111.6
2877,1988.666667,120.1
2878,1988.75,125.1
2879,1988.833333,125.1
2880,1988.916667,179.2
2881,1989,161.3
2882,1989.083333,165.1
2883,1989.166667,131.4
2884,1989.25,130.6
2885,1989.333333,138.5
2886,1989.416667,196.2
2887,1989.5,126.9
2888,1989.583333,168.9
2889,1989.666667,176.7
2890,1989.75,159.4
2891,1989.833333,173
2892,1989.916667,165.5
2893,1990,177.3
2894,1990.083333,130.5
2895,1990.166667,140.3
2896,1990.25,140.3
2897,1990.333333,132.2
2898,1990.416667,105.4
2899,1990.5,149.4
2900,1990.583333,200.3
2901,1990.666667,125.2
2902,1990.75,145.5
2903,1990.833333,131.4
2904,1990.916667,129.7
2905,1991,136.9
2906,1991.083333,167.5
2907,1991.166667,141.9
2908,1991.25,140
2909,1991.333333,121.3
2910,1991.416667,169.7
2911,1991.5,173.7
2912,1991.583333,176.3
2913,1991.666667,125.3
2914,1991.75,144.1
2915,1991.833333,108.2
2916,1991.916667,144.4
2917,1992,150
2918,1992.083333,161.1
2919,1992.166667,106.7
2920,1992.25,99.8
2921,1992.333333,73.8
2922,1992.416667,65.2
2923,1992.5,85.7
2924,1992.583333,64.5
2925,1992.666667,63.9
2926,1992.75,88.7
2927,1992.833333,91.8
2928,1992.916667,82.6
2929,1993,59.3
2930,1993.083333,91
2931,1993.166667,69.8
2932,1993.25,62.2
2933,1993.333333,61.3
2934,1993.416667,49.8
2935,1993.5,57.9
2936,1993.583333,42.2
2937,1993.666667,22.4
2938,1993.75,56.4
2939,1993.833333,35.6
2940,1993.916667,48.9
2941,1994,57.8
2942,1994.083333,35.5
2943,1994.166667,31.7
2944,1994.25,16.1
2945,1994.333333,17.8
2946,1994.416667,28
2947,1994.5,35.1
2948,1994.583333,22.5
2949,1994.666667,25.7
2950,1994.75,44
2951,1994.833333,18
2952,1994.916667,26.2
2953,1995,24.2
2954,1995.083333,29.9
2955,1995.166667,31.1
2956,1995.25,14
2957,1995.333333,14.5
2958,1995.416667,15.6
2959,1995.5,14.5
2960,1995.583333,14.3
2961,1995.666667,11.8
2962,1995.75,21.1
2963,1995.833333,9
2964,1995.916667,10
2965,1996,11.5
2966,1996.083333,4.4
2967,1996.166667,9.2
2968,1996.25,4.8
2969,1996.333333,5.5
2970,1996.416667,11.8
2971,1996.5,8.2
2972,1996.583333,14.4
2973,1996.666667,1.6
2974,1996.75,0.9
2975,1996.833333,17.9
2976,1996.916667,13.3
2977,1997,5.7
2978,1997.083333,7.6
2979,1997.166667,8.7
2980,1997.25,15.5
2981,1997.333333,18.5
2982,1997.416667,12.7
2983,1997.5,10.4
2984,1997.583333,24.4
2985,1997.666667,51.3
2986,1997.75,22.8
2987,1997.833333,39
2988,1997.916667,41.2
2989,1998,31.9
2990,1998.083333,40.3
2991,1998.166667,54.8
2992,1998.25,53.4
2993,1998.333333,56.3
2994,1998.416667,70.7
2995,1998.5,66.6
2996,1998.583333,92.2
2997,1998.666667,92.9
2998,1998.75,55.5
2999,1998.833333,74
3000,1998.916667,81.9
3001,1999,62
3002,1999.083333,66.3
3003,1999.166667,68.8
3004,1999.25,63.7
3005,1999.333333,106.4
3006,1999.416667,137.7
3007,1999.5,113.5
3008,1999.583333,93.7
3009,1999.666667,71.5
3010,1999.75,116.7
3011,1999.833333,133.2
3012,1999.916667,84.6
3013,2000,90.1
3014,2000.083333,112.9
3015,2000.166667,138.5
3016,2000.25,125.5
3017,2000.333333,121.6
3018,2000.416667,124.9
3019,2000.5,170.1
3020,2000.583333,130.5
3021,2000.666667,109.7
3022,2000.75,99.4
3023,2000.833333,106.8
3024,2000.916667,104.4
3025,2001,95.6
3026,2001.083333,80.6
3027,2001.166667,113.5
3028,2001.25,107.7
3029,2001.333333,96.6
3030,2001.416667,134
3031,2001.5,81.8
3032,2001.583333,106.4
3033,2001.666667,150.7
3034,2001.75,125.5
3035,2001.833333,106.5
3036,2001.916667,132.2
3037,2002,114.1
3038,2002.083333,107.4
3039,2002.166667,98.4
3040,2002.25,120.7
3041,2002.333333,120.8
3042,2002.416667,88.3
3043,2002.5,99.6
3044,2002.583333,116.4
3045,2002.666667,109.6
3046,2002.75,97.5
3047,2002.833333,95.5
3048,2002.916667,80.8
3049,2003,79.7
3050,2003.083333,46
3051,2003.166667,61.1
3052,2003.25,60
3053,2003.333333,54.6
3054,2003.416667,77.4
3055,2003.5,83.3
3056,2003.583333,72.7
3057,2003.666667,48.7
3058,2003.75,65.5
3059,2003.833333,67.3
3060,2003.916667,46.5
3061,2004,37.3
3062,2004.083333,45.8
3063,2004.166667,49.1
3064,2004.25,39.3
3065,2004.333333,41.5
3066,2004.416667,43.2
3067,2004.5,51.1
3068,2004.583333,40.9
3069,2004.666667,27.7
3070,2004.75,48
3071,2004.833333,43.5
3072,2004.916667,17.9
3073,2005,31.3
3074,2005.083333,29.2
3075,2005.166667,24.5
3076,2005.25,24.2
3077,2005.333333,42.7
3078,2005.416667,39.3
3079,2005.5,40.1
3080,2005.583333,36.4
3081,2005.666667,21.9
3082,2005.75,8.7
3083,2005.833333,18
3084,2005.916667,41.1
3085,2006,15.3
3086,2006.083333,4.9
3087,2006.166667,10.6
3088,2006.25,30.2
3089,2006.333333,22.3
3090,2006.416667,13.9
3091,2006.5,12.2
3092,2006.583333,12.9
3093,2006.666667,14.4
3094,2006.75,10.5
3095,2006.833333,21.4
3096,2006.916667,13.6
3097,2007,16.8
3098,2007.083333,10.7
3099,2007.166667,4.5
3100,2007.25,3.4
3101,2007.333333,11.7
3102,2007.416667,12.1
3103,2007.5,9.7
3104,2007.583333,6
3105,2007.666667,2.4
3106,2007.75,0.9
3107,2007.833333,1.7
3108,2007.916667,10.1
3109,2008,3.3
3110,2008.083333,2.1
3111,2008.166667,9.3
3112,2008.25,2.9
3113,2008.333333,3.2
3114,2008.416667,3.4
3115,2008.5,0.8
3116,2008.583333,0.5
3117,2008.666667,1.1
3118,2008.75,2.9
3119,2008.833333,4.1
3120,2008.916667,0.8
3121,2009,1.3
3122,2009.083333,1.4
3123,2009.166667,0.7
3124,2009.25,0.8
3125,2009.333333,2.9
3126,2009.416667,2.9
3127,2009.5,3.2
3128,2009.583333,0
3129,2009.666667,4.3
3130,2009.75,4.8
3131,2009.833333,4.1
3132,2009.916667,10.8
3133,2010,13.2
3134,2010.083333,18.8
3135,2010.166667,15.4
3136,2010.25,8
3137,2010.333333,8.7
3138,2010.416667,13.6
3139,2010.5,16.1
3140,2010.583333,19.6
3141,2010.666667,25.2
3142,2010.75,23.5
3143,2010.833333,21.5
3144,2010.916667,14.4
3145,2011,18.8
3146,2011.083333,29.6
3147,2011.166667,55.8
3148,2011.25,54.4
3149,2011.333333,41.6
3150,2011.416667,37
3151,2011.5,43.8
3152,2011.583333,50.6
3153,2011.666667,78
3154,2011.75,88
3155,2011.833333,96.7
3156,2011.916667,73
3157,2012,58.3
3158,2012.083333,32.9
3159,2012.166667,64.3
3160,2012.25,55.2
3161,2012.333333,69
3162,2012.416667,64.5
3163,2012.5,66.5
3164,2012.583333,63
3165,2012.666667,61.4
3166,2012.75,53.3
3167,2012.833333,61.8
3168,2012.916667,40.8
3169,2013,62.9
3170,2013.083333,38.1
3171,2013.166667,57.9
3172,2013.25,72.4
3173,2013.333333,78.7
3174,2013.416667,52.5
3175,2013.5,57
3176,2013.583333,66
3177,2013.666667,37
